{"layerInfos":[{"layerName":"CBD_part","idRange":{"minID":1,"maxID":86},"fieldInfos":[{"name":"SmID","alias":"SmID","type":"int32","size":4,"isRequired":true},{"name":"SmSdriW","alias":"SmSdriW","type":"float","size":4,"isRequired":true},{"name":"SmSdriN","alias":"SmSdriN","type":"float","size":4,"isRequired":true},{"name":"SmSdriE","alias":"SmSdriE","type":"float","size":4,"isRequired":true},{"name":"SmSdriS","alias":"SmSdriS","type":"float","size":4,"isRequired":true},{"name":"SmUserID","alias":"SmUserID","type":"int32","size":4,"isRequired":true},{"name":"SmLibTileID","alias":"SmLibTileID","type":"int32","size":4,"isRequired":false},{"name":"SmGeometrySize","alias":"SmGeometrySize","type":"int32","size":4,"isRequired":false},{"name":"SmGeoPosition","alias":"SmGeoPosition","type":"int64","size":8,"isRequired":true},{"name":"MODELNAME","alias":"ModelName","type":"String","size":30,"isRequired":false},{"name":"LONGITUDE","alias":"Longitude","type":"double","size":8,"isRequired":false},{"name":"LATITUDE","alias":"Latitude","type":"double","size":8,"isRequired":false},{"name":"ALTITUDE","alias":"Altitude","type":"double","size":8,"isRequired":false}]}]}